,Name,Position,Team,2023,2022,2021,2020,2019,2018,2017,2016,2015,2014,2013,2012,2011,2010,2009,2008,2007,2006
0,Stephen Curry,PG,Golden State Warriors,48070014.0,45780966.0,43006362.0,40231758.0,37457154.0,37457154.0,12112359.0,11370786.0,10629213.0,9887642.0,3958742.0,3117120.0,2913840.0,2710560.0,,,,
1,Russell Westbrook,PG,Los Angeles Lakers,47063478.0,44211146.0,41358814.0,38506482.0,35654150.0,28530608.0,26540100.0,16744218.0,15719062.0,14693906.0,14693906.0,5082416.0,4017720.0,3755640.0,3493680.0,,,
2,LeBron James,SF,Los Angeles Lakers,44474988.0,41180544.0,39219565.0,37436858.0,35654150.0,,30963450.0,22970500.0,20644400.0,19067500.0,19067500.0,17545000.0,14500000.0,15779912.0,14410581.0,13041250.0,5828089.0,4621800.0
3,Kevin Durant,PF,Brooklyn Nets,44119845.0,42018900.0,40108950.0,38199000.0,30000000.0,,26540100.0,20158622.0,18995624.0,17832627.0,17832626.0,15506632.0,6053663.0,4796880.0,4484040.0,4171200.0,4171200.0,
4,Bradley Beal,SG,Washington Wizards,43279250.0,33724200.0,28751775.0,27093019.0,25434263.0,25434263.0,22116750.0,5694674.0,4505280.0,4319280.0,4319280.0,,,,,,,
5,Damian Lillard,PG,Portland Trail Blazers,42492492.0,39344900.0,31626953.0,29802321.0,27977689.0,26153057.0,24328425.0,4236287.0,3340920.0,3202920.0,3065040.0,,,,,,,
6,Giannis Antetokounmpo,PF,Milwaukee Bucks,42492492.0,39344970.0,27528090.0,25842697.0,24157303.0,24157303.0,2995421.0,1953960.0,1873200.0,1792560.0,,,,,,,,
7,Kawhi Leonard,SF,LA Clippers,42492492.0,39344900.0,34379100.0,32742000.0,23114067.0,18868626.0,17638063.0,16407500.0,2894059.0,1887840.0,1809840.0,1809840.0,,,,,,
8,Paul George,SG,LA Clippers,42492492.0,39344900.0,35450412.0,30560700.0,30560700.0,19508958.0,18314532.0,17120106.0,15937290.0,3282003.0,2574120.0,2406240.0,2238360.0,,,,,
9,Klay Thompson,SG,Golden State Warriors,40600080.0,37980720.0,35361360.0,32742000.0,18988725.0,17826150.0,16663575.0,15501000.0,3075880.0,2317920.0,2222160.0,2126520.0,,,,,,
10,Rudy Gobert,C,Minnesota Timberwolves,38172414.0,35344828.0,27525281.0,23241573.0,23241573.0,21924719.0,2121288.0,1175880.0,1127400.0,1078800.0,,,,,,,,
11,Anthony Davis,PF,Los Angeles Lakers,37980720.0,35361360.0,32742000.0,27093018.0,25434263.0,23775506.0,22116750.0,7070730.0,5607240.0,5375760.0,5144280.0,,,,,,,
12,Khris Middleton,SF,Milwaukee Bucks,37948276.0,35500000.0,33051724.0,30603448.0,13000000.0,1300000.0,15200000.0,14700000.0,915243.0,788872.0,473604.0,,,,,,,
13,Jimmy Butler,SF,Miami Heat,37653300.0,36016200.0,34379100.0,32742000.0,20445779.0,19301070.0,17552209.0,16407500.0,2008748.0,1112880.0,1112880.0,1020960.0,,,,,,
14,Tobias Harris,PF,Philadelphia 76ers,37633050.0,35995950.0,34358850.0,32742000.0,14800000.0,16000000.0,17200000.0,16000000.0,2380594.0,1545840.0,1545840.0,1418160.0,,,,,,
15,Zach LaVine,SG,Chicago Bulls,37096500.0,19500000.0,19500000.0,19500000.0,19500000.0,,2240880.0,2148360.0,2055840.0,,,,,,,,,
16,Luka Doncic,PG,Dallas Mavericks,37095000.0,10174391.0,8049360.0,7683360.0,6560640.0,,,,,,,,,,,,,
17,Trae Young,PG,Atlanta Hawks,37095000.0,8326471.0,6571800.0,6273000.0,5356440.0,,,,,,,,,,,,,
18,Kyrie Irving,PG,Brooklyn Nets,36934550.0,35328700.0,31742000.0,31742000.0,20099189.0,18868626.0,17638063.0,16407501.0,7070730.0,5607240.0,5375760.0,5144280.0,,,,,,
19,Pascal Siakam,PF,Toronto Raptors,35448672.0,33003936.0,30559200.0,2351839.0,1544951.0,1544951.0,1196040.0,,,,,,,,,,,
20,Ben Simmons,PG,Brooklyn Nets,35448672.0,33003936.0,30559200.0,8113930.0,6434520.0,6434520.0,5903160.0,,,,,,,,,,,
21,Kristaps Porzingis,C,Washington Wizards,33833400.0,31650600.0,29467800.0,27285000.0,5697054.0,5697054.0,4317720.0,4131720.0,,,,,,,,,,
22,Devin Booker,SG,Phoenix Suns,33833400.0,31650600.0,29467800.0,27285000.0,3314365.0,2319360.0,2223600.0,2127840.0,,,,,,,,,,
23,Karl-Anthony Towns,C,Minnesota Timberwolves,33833400.0,31650600.0,29467800.0,27285000.0,7839435.0,6216840.0,5960160.0,5703600.0,,,,,,,,,,
24,Jrue Holiday,PG,Milwaukee Bucks,33665040.0,32413333.0,26231111.0,26231111.0,25976111.0,25686667.0,11286518.0,10595507.0,9904495.0,9713484.0,2674852.0,2674852.0,1627920.0,1514280.0,,,,
25,Joel Embiid,C,Philadelphia 76ers,33616770.0,31579390.0,29542010.0,27504630.0,25467250.0,25250000.0,4826160.0,4626960.0,4427640.0,,,,,,,,,
26,Andrew Wiggins,SF,Golden State Warriors,33616770.0,31579390.0,29542010.0,27504630.0,25467250.0,7574323.0,6006600.0,5758680.0,5510640.0,,,,,,,,,
27,CJ McCollum,SG,New Orleans Pelicans,33333333.0,30864198.0,29354152.0,27556959.0,25759766.0,23962573.0,3219579.0,2525160.0,2421000.0,2316720.0,,,,,,,,
28,Nikola Jokic,C,Denver Nuggets,33047804.0,31579390.0,29542010.0,27504630.0,24605181.0,1471382.0,1358500.0,1300000.0,,,,,,,,,,
29,James Harden,SG,Philadelphia 76ers,33000000.0,44310840.0,41254920.0,38199000.0,30421854.0,28299399.0,26540100.0,15756438.0,14728844.0,13701250.0,5820417.0,4604760.0,4304520.0,4004160.0,,,,
30,Brandon Ingram,SF,New Orleans Pelicans,31650600.0,29467800.0,27285000.0,7265485.0,5757120.0,5519400.0,5281680.0,,,,,,,,,,,
31,Jamal Murray,PG,Denver Nuggets,31650000.0,29467800.0,27285000.0,4444746.0,3499800.0,3355320.0,3210840.0,,,,,,,,,,,
32,D'Angelo Russell,PG,Minnesota Timberwolves,31377750.0,30013500.0,28649250.0,27285000.0,7019698.0,7019698.0,5332800.0,5103120.0,,,,,,,,,,
33,Shai Gilgeous-Alexander,PG,Oklahoma City Thunder,30913750.0,5495532.0,4141320.0,3952920.0,3375360.0,,,,,,,,,,,,,
34,Deandre Ayton,C,Phoenix Suns,30913750.0,12632950.0,9562920.0,9562920.0,8165160.0,,,,,,,,,,,,,
35,Michael Porter Jr.,SF,Denver Nuggets,30912500.0,5258735.0,3550800.0,3389400.0,2894160.0,,,,,,,,,,,,,
36,Donovan Mitchell,SG,Utah Jazz,30351780.0,28103500.0,5195501.0,3635760.0,3111480.0,2621280.0,,,,,,,,,,,,
37,Bam Adebayo,C,Miami Heat,30351780.0,28103500.0,5115492.0,3454080.0,2955840.0,2955840.0,,,,,,,,,,,,
38,Gordon Hayward,SF,Charlotte Hornets,30075000.0,29925000.0,28500000.0,32700690.0,31214295.0,29727900.0,16073140.0,15409570.0,14746000.0,3452183.0,2709720.0,2709720.0,2356320.0,,,,,
39,Jaren Jackson Jr.,PF,Memphis Grizzlies,28946605.0,9180560.0,7257360.0,6927480.0,5915040.0,,,,,,,,,,,,,
40,Kevin Love,PF,Cleveland Cavaliers,28942830.0,31258256.0,31258256.0,28942830.0,24119025.0,24119025.0,21165675.0,19689000.0,15719063.0,14693906.0,13668750.0,4609701.0,3638280.0,3401040.0,3163680.0,,,
41,Jaylen Brown,SG,Boston Celtics,28741071.0,26758928.0,23735118.0,6534829.0,5169960.0,4956480.0,4743000.0,,,,,,,,,,,
42,Chris Paul,PG,Phoenix Suns,28400000.0,30000000.0,41358814.0,38506482.0,35654150.0,24599495.0,22868827.0,21468695.0,20068563.0,18668431.0,18668431.0,16359805.0,14940153.0,13520500.0,4574189.0,3615960.0,3380160.0,3144240.0
43,Kyle Lowry,PG,Miami Heat,28333334.0,26894128.0,30500000.0,34996296.0,31200000.0,31200000.0,12000000.0,12000000.0,12000000.0,6210000.0,5750000.0,5750000.0,5750000.0,2034996.0,1163520.0,1087680.0,1011720.0,
44,De'Aaron Fox,PG,Sacramento Kings,28103550.0,28103550.0,8099627.0,6392760.0,5470920.0,4609200.0,,,,,,,,,,,,
45,Jayson Tatum,SF,Boston Celtics,28103500.0,28103500.0,9897120.0,7830000.0,6700800.0,5645400.0,,,,,,,,,,,,
46,Jalen Brunson,PG,New York Knicks,27733332.0,1802057.0,1663861.0,1416852.0,1230000.0,,,,,,,,,,,,,
47,DeMar DeRozan,SF,Chicago Bulls,27300000.0,26000000.0,27739975.0,27739975.0,27739975.0,27739975.0,26540100.0,10050000.0,10100000.0,9500000.0,3344250.0,3344250.0,2453880.0,2282640.0,,,,
48,Al Horford,C,Boston Celtics,26500000.0,27000000.0,27500000.0,28000000.0,28928709.0,27734406.0,26540100.0,12000000.0,12000000.0,12000000.0,12000000.0,12498483.0,5444857.0,4307640.0,4023720.0,3745800.0,,
49,Draymond Green,PF,Golden State Warriors,25806469.0,24026712.0,22246956.0,18539130.0,17469565.0,17469565.0,15330435.0,14260870.0,915243.0,875500.0,850000.0,,,,,,,
50,Julius Randle,PF,New York Knicks,23760000.0,21780000.0,18900000.0,18000000.0,8641000.0,4149242.0,3267120.0,3132240.0,2997360.0,,,,,,,,,
51,John Collins,PF,Atlanta Hawks,23500000.0,23000000.0,4137302.0,2686560.0,2299080.0,2299080.0,,,,,,,,,,,,
52,Buddy Hield,SG,Indiana Pacers,22768890.0,22768890.0,24701834.0,4861208.0,3844760.0,3675480.0,3517200.0,,,,,,,,,,,
53,Mike Conley,PG,Utah Jazz,22680000.0,21000000.0,34502130.0,32511624.0,30521115.0,28530608.0,26540100.0,9588426.0,8694216.0,8600001.0,7505786.0,6611571.0,4913077.0,3883800.0,3630480.0,3377160.0,,
54,Malcolm Brogdon,PG,Boston Celtics,22600000.0,21700000.0,20700000.0,20000000.0,1544951.0,1544951.0,925000.0,,,,,,,,,,,
55,Anfernee Simons,SG,Portland Trail Blazers,22321429.0,3938818.0,2252040.0,2149560.0,1760520.0,,,,,,,,,,,,,
56,Nikola Vucevic,C,Chicago Bulls,22000000.0,24000000.0,26000000.0,28000000.0,12750000.0,12750000.0,11750000.0,11250000.0,2751260.0,1793520.0,1793520.0,1719480.0,,,,,,
57,Terry Rozier,SG,Charlotte Hornets,21486283.0,17905263.0,18900000.0,19894737.0,3050390.0,1988520.0,1906440.0,1824360.0,,,,,,,,,,
58,Fred VanVleet,SG,Toronto Raptors,21250000.0,19675926.0,21250000.0,9346153.0,8653847.0,,543471.0,,,,,,,,,,,
59,Jerami Grant,SF,Portland Trail Blazers,20955000.0,20002500.0,19050000.0,9346153.0,8653847.0,1524305.0,980431.0,845059.0,884879.0,,,,,,,,,
60,Spencer Dinwiddie,PG,Dallas Mavericks,20171427.0,17142857.0,11454048.0,10605600.0,1656092.0,1656092.0,726672.0,845059.0,700000.0,,,,,,,,,
61,Mikal Bridges,SF,Phoenix Suns,20100000.0,5557725.0,4161000.0,4161000.0,3552960.0,,,,,,,,,,,,,
62,Jarrett Allen,C,Cleveland Cavaliers,20000000.0,20000000.0,3909902.0,2376840.0,2034120.0,2034120.0,,,,,,,,,,,,
63,Aaron Gordon,PF,Denver Nuggets,19690909.0,16409091.0,18136364.0,19863636.0,21590909.0,,4351320.0,4171680.0,3992040.0,,,,,,,,,
64,Tim Hardaway Jr.,SF,Dallas Mavericks,19602273.0,21308816.0,18975000.0,20025127.0,19200127.0,17325000.0,2281605.0,1304520.0,1250640.0,1196760.0,,,,,,,,
65,Eric Gordon,SG,Houston Rockets,19568360.0,18218818.0,16869276.0,14057730.0,13500375.0,12943020.0,12385364.0,15514031.0,14898938.0,14283844.0,13668750.0,3831184.0,3016680.0,2819880.0,2623200.0,,,
66,Bojan Bogdanovic,SF,Utah Jazz,19550000.0,18700000.0,17850000.0,17000000.0,10500000.0,10500000.0,3730653.0,3425510.0,3278000.0,,,,,,,,,
67,Lonzo Ball,PG,Chicago Bulls,19534884.0,18604651.0,11003782.0,8719320.0,7461960.0,6286560.0,,,,,,,,,,,,
68,Eric Bledsoe,SG,Portland Trail Blazers,19375000.0,18125000.0,16875000.0,15625000.0,15000000.0,15000000.0,14000000.0,13500000.0,13000000.0,2626474.0,2626473.0,1596360.0,1485000.0,,,,,
69,Caris LeVert,SG,Cleveland Cavaliers,18796296.0,17500000.0,16203704.0,2625718.0,1702800.0,1702800.0,1562280.0,,,,,,,,,,,
70,Clint Capela,C,Atlanta Hawks,18706896.0,18603448.0,16000000.0,14896552.0,13793104.0,2334528.0,1296240.0,1242720.0,1189200.0,,,,,,,,,
71,Joe Harris,SF,Brooklyn Nets,18642857.0,17357143.0,16071429.0,7666667.0,8333333.0,,980431.0,845059.0,884879.0,,,,,,,,,
72,Domantas Sabonis,PF,Sacramento Kings,18500000.0,19800000.0,19800000.0,3529555.0,2659800.0,2659800.0,2440200.0,,,,,,,,,,,
73,Harrison Barnes,SF,Sacramento Kings,18352273.0,20284091.0,22215909.0,24147727.0,24107258.0,23112004.0,22116750.0,3873398.0,3049920.0,2923920.0,2798040.0,,,,,,,
74,Evan Fournier,SG,New York Knicks,18000000.0,17000000.0,17150000.0,17150000.0,17150000.0,17000000.0,17000000.0,2288205.0,1483920.0,1422720.0,1361400.0,,,,,,,
75,Myles Turner,C,Indiana Pacers,18000000.0,18000000.0,18000000.0,18000000.0,3410284.0,3410284.0,2463840.0,2357760.0,,,,,,,,,,
76,Bogdan Bogdanovic,SG,Atlanta Hawks,18000000.0,18000000.0,18000000.0,8529386.0,9000000.0,9412280.0,,,,,,,,,,,,
77,Steven Adams,C,Memphis Grizzlies,17926829.0,17073171.0,29592696.0,25842697.0,24157303.0,22471910.0,3140517.0,2279040.0,2184960.0,2090880.0,,,,,,,,
78,Gary Trent Jr.,SG,Toronto Raptors,17505000.0,16000000.0,1663861.0,1416852.0,838464.0,,,,,,,,,,,,,
79,Jonathan Isaac,PF,Orlando Magic,17400000.0,17400000.0,7362566.0,5806440.0,4969080.0,4969080.0,,,,,,,,,,,,
80,OG Anunoby,SF,Toronto Raptors,17357143.0,16071429.0,3872215.0,2281800.0,2034120.0,2034120.0,,,,,,,,,,,,
81,Marcus Smart,PG,Boston Celtics,17207141.0,14339285.0,13446428.0,12553571.0,11660716.0,,3578880.0,3431040.0,3283320.0,,,,,,,,,
82,Mitchell Robinson,C,New York Knicks,17045454.0,1802057.0,1663861.0,1599712.0,1485440.0,,,,,,,,,,,,,
83,Duncan Robinson,SG,Miami Heat,16902000.0,15650000.0,1663861.0,1416852.0,,,,,,,,,,,,,,
84,Derrick White,PG,Boston Celtics,16892857.0,15178571.0,3516284.0,1948080.0,1667160.0,1404600.0,,,,,,,,,,,,
85,Norman Powell,SF,LA Clippers,16758621.0,15517241.0,10865952.0,10116576.0,9367200.0,9367200.0,874636.0,650000.0,,,,,,,,,,
86,Dejounte Murray,SG,Atlanta Hawks,16571120.0,15428880.0,14286000.0,2321735.0,1544951.0,1312611.0,1180080.0,,,,,,,,,,,
87,Markelle Fultz,PG,Orlando Magic,16500000.0,16500000.0,12288697.0,9745200.0,8339880.0,8339880.0,,,,,,,,,,,,
88,Lauri Markkanen,PF,Cleveland Cavaliers,16475454.0,15690909.0,6731508.0,5300400.0,4536120.0,4536120.0,,,,,,,,,,,,
89,Marcus Morris Sr.,SF,LA Clippers,16372093.0,15627907.0,14888721.0,15000000.0,5375000.0,5000000.0,4625000.0,5000000.0,2943221.0,1987320.0,1987320.0,1823280.0,,,,,,
90,Davis Bertans,SF,Dallas Mavericks,16000000.0,16000000.0,15000000.0,7000000.0,7000000.0,1312611.0,543471.0,,,,,,,,,,,
91,Jusuf Nurkic,C,Portland Trail Blazers,15625000.0,12000000.0,12888889.0,13125000.0,11111111.0,2947305.0,1921320.0,1842000.0,1762680.0,,,,,,,,,
92,Malik Beasley,SG,Utah Jazz,15558035.0,14491964.0,13425895.0,2731714.0,1773840.0,1700640.0,1627320.0,,,,,,,,,,,
93,Luguentz Dort,SF,Oklahoma City Thunder,15277778.0,1782621.0,1517981.0,,,,,,,,,,,,,,,
94,Jonas Valanciunas,C,New Orleans Pelicans,14700000.0,14000000.0,15000000.0,16000000.0,16539326.0,16539326.0,14382023.0,4660482.0,3678360.0,3526440.0,3374640.0,,,,,,,
95,Derrick Rose,PG,New York Knicks,14520730.0,13445120.0,7682927.0,7317073.0,1512601.0,,21323252.0,20093064.0,18862876.0,17632688.0,17632688.0,6993708.0,5546160.0,5184480.0,4822800.0,,,
96,Kevin Huerter,SG,Sacramento Kings,14508929.0,4253357.0,2761920.0,2636280.0,2250960.0,,,,,,,,,,,,,
97,Luke Kennard,SG,LA Clippers,14415545.0,13347727.0,5273826.0,3827160.0,3275280.0,3275280.0,,,,,,,,,,,,
98,Will Barton,SF,Washington Wizards,14375000.0,15625000.0,13723214.0,12776786.0,11830358.0,3533333.0,3533333.0,3533333.0,915243.0,788872.0,550000.0,,,,,,,
99,Christian Wood,C,Dallas Mavericks,14317460.0,13666667.0,13015873.0,1645357.0,1512601.0,874636.0,874636.0,525093.0,,,,,,,,,,
100,Wendell Carter Jr.,C,Orlando Magic,14150000.0,6920027.0,5448840.0,5201400.0,4441200.0,,,,,,,,,,,,,
101,Kentavious Caldwell-Pope,SG,Denver Nuggets,14004703.0,13038862.0,12073020.0,8089282.0,12000000.0,17745894.0,3678319.0,2891760.0,2772480.0,2653080.0,,,,,,,,
102,Brook Lopez,C,Milwaukee Bucks,13906976.0,13302325.0,12697674.0,12093023.0,3382000.0,22642650.0,21165675.0,19689000.0,15719062.0,14693906.0,13668750.0,3076983.0,2413320.0,2255880.0,2098560.0,,,
103,Doug McDermott,SF,San Antonio Spurs,13750000.0,13750000.0,7333333.0,7333333.0,7333333.0,3294994.0,2483040.0,2380440.0,2277960.0,,,,,,,,,
104,Zion Williamson,PF,New Orleans Pelicans,13534817.0,10733400.0,10245480.0,9757440.0,,,,,,,,,,,,,,
105,Jordan Clarkson,PG,Utah Jazz,13340000.0,12420000.0,11500000.0,13437500.0,12500000.0,12500000.0,12500000.0,845059.0,507336.0,,,,,,,,,
106,Kyle Kuzma,SF,Washington Wizards,13000000.0,13000000.0,3562178.0,1974600.0,1689840.0,1423560.0,,,,,,,,,,,,
107,Patrick Beverley,PG,Utah Jazz,13000000.0,14320988.0,13333333.0,12345680.0,5027028.0,5513514.0,6000000.0,6486486.0,915243.0,788872.0,281376.0,473604.0,473604.0,,,,,
108,Gary Harris,SG,Orlando Magic,13000000.0,20482143.0,19610714.0,17839286.0,16517857.0,2550055.0,1655880.0,1584480.0,1519200.0,,,,,,,,,
109,Josh Hart,SG,Portland Trail Blazers,12960000.0,12000000.0,3491159.0,1655160.0,1655160.0,1394520.0,,,,,,,,,,,,
110,Chris Boucher,PF,Toronto Raptors,12690000.0,7020000.0,6750000.0,1588231.0,457418.0,,,,,,,,,,,,,
111,Kelly Oubre Jr.,SG,Charlotte Hornets,12600000.0,12000000.0,14375000.0,15625000.0,3208630.0,3208630.0,2006640.0,1920240.0,,,,,,,,,,
112,Marvin Bagley III,PF,Detroit Pistons,12500000.0,11312114.0,8963640.0,8556120.0,7305600.0,,,,,,,,,,,,,
113,Dorian Finney-Smith,PF,Dallas Mavericks,12402000.0,4000000.0,4000000.0,4000000.0,1544951.0,1312611.0,543471.0,,,,,,,,,,,
114,Robert Covington,PF,LA Clippers,12307692.0,12975471.0,12138345.0,11301219.0,10464092.0,10464092.0,1015696.0,1000000.0,1000000.0,490180.0,,,,,,,,
115,Kelly Olynyk,PF,Detroit Pistons,12195122.0,12195122.0,12598243.0,12667885.0,12537527.0,12537527.0,3094014.0,2165160.0,2075760.0,1986360.0,,,,,,,,
116,Josh Richardson,SG,San Antonio Spurs,11615328.0,11615328.0,10865952.0,10116576.0,9367200.0,9367200.0,874636.0,525093.0,,,,,,,,,,
117,Devonte' Graham,PG,New Orleans Pelicans,11550000.0,11000000.0,163861.0,1416852.0,988464.0,,,,,,,,,,,,,
118,Terrence Ross,SG,Orlando Magic,11500000.0,12500000.0,13500000.0,12500000.0,10500000.0,10500000.0,10000000.0,3553917.0,2793960.0,2678640.0,2563320.0,,,,,,,
119,Dillon Brooks,SF,Memphis Grizzlies,11400000.0,12200000.0,11400000.0,1618520.0,1378242.0,815615.0,,,,,,,,,,,,
120,Richaun Holmes,C,Sacramento Kings,11215260.0,10384500.0,5005350.0,4767000.0,1600520.0,1600520.0,1025831.0,1074169.0,,,,,,,,,,
121,Reggie Jackson,PG,LA Clippers,11215260.0,10384500.0,1620564.0,512721.0,17043478.0,17043478.0,14956522.0,13913044.0,2204369.0,1260360.0,1260360.0,1156320.0,,,,,,
122,Dwight Powell,C,Dallas Mavericks,11080125.0,11080125.0,11080125.0,10259375.0,9631250.0,9003125.0,8375000.0,845059.0,507336.0,,,,,,,,,
123,Paolo Banchero,F,Orlando Magic,11055120.0,,,,,,,,,,,,,,,,,
124,Robert Williams III,C,Boston Celtics,10937502.0,3661976.0,2029920.0,1937520.0,1654440.0,,,,,,,,,,,,,
125,RJ Barrett,SG,New York Knicks,10900635.0,8623920.0,8231760.0,7839960.0,,,,,,,,,,,,,,
126,Bobby Portis,C,Milwaukee Bucks,10843350.0,4347600.0,3623000.0,15000000.0,2494346.0,2494346.0,1453680.0,1391160.0,,,,,,,,,,
127,Nicolas Batum,PF,LA Clippers,10843350.0,3170029.0,1620564.0,25565217.0,24000000.0,24000000.0,20869566.0,13125306.0,11765500.0,11295250.0,10850000.0,2155365.0,1196760.0,1118760.0,1040640.0,,,
128,Anthony Edwards,SF,Minnesota Timberwolves,10733400.0,10245480.0,9757440.0,,,,,,,,,,,,,,,
129,Cade Cunningham,PG,Detroit Pistons,10552800.0,10050120.0,,,,,,,,,,,,,,,,
130,P.J. Tucker,PF,Philadelphia 76ers,10490000.0,7000000.0,7969537.0,8349039.0,7969537.0,7590035.0,5300000.0,5500000.0,5700000.0,884293.0,884293.0,,,,,,412718.0,
131,Mo Bamba,C,Orlando Magic,10300000.0,7568743.0,5969040.0,5697600.0,4865040.0,,,,,,,,,,,,,
132,Talen Horton-Tucker,SG,Los Angeles Lakers,10260000.0,9500000.0,1517981.0,898310.0,,,,,,,,,,,,,,
133,Derrick Favors,C,Oklahoma City Thunder,10183800.0,9720900.0,9258000.0,17650000.0,16900000.0,12000000.0,11050000.0,12000000.0,12950000.0,6008196.0,4753320.0,4753320.0,4133280.0,,,,,
134,Jae Crowder,PF,Phoenix Suns,10183000.0,9720900.0,9258000.0,7815533.0,7305825.0,6796117.0,6286408.0,6796117.0,915243.0,788872.0,600491.0,,,,,,,
135,Ivica Zubac,C,LA Clippers,10123457.0,7518518.0,7000000.0,6481482.0,1544951.0,1312611.0,1034956.0,,,,,,,,,,,
136,Alec Burks,SG,Detroit Pistons,10012800.0,9536000.0,6000000.0,1620564.0,11536515.0,10845506.0,10154495.0,9463484.0,3034356.0,2202000.0,2111160.0,2111160.0,,,,,,
137,Reggie Bullock,SF,Dallas Mavericks,10012800.0,9536000.0,4200000.0,4000000.0,2500000.0,2500000.0,2255644.0,1252440.0,1200720.0,1149000.0,1149000.0,,,,,,,
138,Danny Green,SF,Memphis Grizzlies,10000000.0,10000000.0,15365853.0,14634146.0,10000000.0,10000000.0,10000000.0,10000000.0,4025000.0,3762500.0,3500000.0,854389.0,,457588.0,,,,
139,Chet Holmgren,F,Oklahoma City Thunder,9891240.0,,,,,,,,,,,,,,,,,
140,De'Andre Hunter,SF,Atlanta Hawks,9835881.0,7775400.0,7422000.0,7068360.0,,,,,,,,,,,,,,
141,Larry Nance Jr.,PF,New Orleans Pelicans,9672727.0,10690909.0,11709091.0,12727273.0,2272391.0,2272391.0,1207680.0,1155600.0,,,,,,,,,,
142,Ja Morant,PG,Memphis Grizzlies,9603360.0,9603360.0,9166800.0,8730240.0,,,,,,,,,,,,,,
143,James Wiseman,C,Golden State Warriors,9603360.0,9166800.0,8730240.0,,,,,,,,,,,,,,,
144,Landry Shamet,SG,Phoenix Suns,9500000.0,3768342.0,2090040.0,1995120.0,1703649.0,,,,,,,,,,,,,
145,Malik Monk,SG,Sacramento Kings,9472219.0,1669178.0,5345687.0,4028400.0,3447480.0,3447480.0,,,,,,,,,,,,
146,Jalen Green,SG,Houston Rockets,9441840.0,8992200.0,,,,,,,,,,,,,,,,
147,Jakob Poeltl,C,San Antonio Spurs,9398148.0,8750000.0,8101852.0,3754886.0,2947320.0,2947320.0,2703960.0,,,,,,,,,,,
148,Grayson Allen,SG,Milwaukee Bucks,9350000.0,4054695.0,2545320.0,2429400.0,2074320.0,,,,,,,,,,,,,
149,Dario Saric,PF,Phoenix Suns,9240000.0,8510000.0,9250000.0,3481986.0,2526840.0,2526840.0,2318280.0,,,,,,,,,,,
150,Nerlens Noel,C,Detroit Pistons,9240000.0,8000000.0,5000000.0,1620564.0,1757429.0,4187599.0,4384490.0,3457800.0,3315120.0,3172320.0,,,,,,,,
151,Royce O'Neale,PF,Brooklyn Nets,9200000.0,8800000.0,8500000.0,1618520.0,1378242.0,815615.0,,,,,,,,,,,,
152,Kemba Walker,PG,Detroit Pistons,9165471.0,8729020.0,34379100.0,32742000.0,12000000.0,12000000.0,12000000.0,12000000.0,3272091.0,2568360.0,2568360.0,2356320.0,,,,,,
153,Monte Morris,PG,Washington Wizards,9125000.0,8449074.0,1588231.0,1588231.0,1349383.0,,,,,,,,,,,,,
154,Mason Plumlee,C,Charlotte Hornets,9080417.0,9248333.0,8000000.0,14041096.0,12917808.0,14041096.0,2328530.0,1415520.0,1357080.0,1298640.0,,,,,,,,
155,Alex Caruso,SG,Chicago Bulls,9030000.0,8650651.0,2750000.0,2750000.0,,,543471.0,,,,,,,,,,,
156,Maxi Kleber,PF,Dallas Mavericks,9000000.0,8975000.0,8325000.0,8000000.0,1378242.0,815615.0,,,,,,,,,,,,
157,Darius Garland,PG,Cleveland Cavaliers,8920795.0,7040880.0,6720720.0,6400920.0,,,,,,,,,,,,,,
158,Jabari Smith Jr.,F,Houston Rockets,8882640.0,,,,,,,,,,,,,,,,,
159,Kyle Anderson,SF,Minnesota Timberwolves,8780000.0,9937150.0,9505100.0,9073050.0,8641000.0,2151704.0,1192080.0,1142880.0,1093680.0,,,,,,,,,
160,Victor Oladipo,SG,Miami Heat,8750000.0,1669178.0,21000000.0,21000000.0,21000000.0,21000000.0,6552961.0,5192520.0,4978200.0,4763760.0,4763760.0,,,,,,,
161,Daniel Theis,C,Indiana Pacers,8694369.0,8280351.0,5000000.0,5000000.0,1378242.0,815615.0,,,,,,,,,,,,
162,LaMelo Ball,PG,Charlotte Hornets,8623920.0,8231760.0,7839960.0,,,,,,,,,,,,,,,
163,Seth Curry,SG,Brooklyn Nets,8496500.0,8207518.0,7834449.0,7461380.0,2795000.0,3028410.0,2898000.0,947276.0,,,,,,,,,,
164,Evan Mobley,C,Cleveland Cavaliers,8478720.0,8075160.0,,,,,,,,,,,,,,,,
165,Gary Payton II,SG,Portland Trail Blazers,8300000.0,1669178.0,,1052909.0,,,,,,,,,,,,,,
166,De'Anthony Melton,SG,Philadelphia 76ers,8250000.0,8805976.0,9571712.0,1416852.0,949000.0,,,,,,,,,,,,,
167,JaMychal Green,F,Golden State Warriors,8200000.0,8200000.0,7199760.0,4767000.0,7666667.0,8533333.0,980431.0,845059.0,134295.0,,,,,,,,,
168,T.J. McConnell,PG,Indiana Pacers,8100000.0,7500000.0,3500000.0,3500000.0,1600520.0,1600520.0,874636.0,525093.0,,,,,,,,,,
169,Keegan Murray,F,Sacramento Kings,8008440.0,,,,,,,,,,,,,,,,,
170,Thaddeus Young,PF,Toronto Raptors,8000000.0,14190000.0,13545000.0,12900000.0,13964045.0,13964045.0,14153652.0,11235955.0,9410869.0,8850000.0,8289130.0,8039130.0,2901241.0,2105400.0,1968120.0,1830720.0,1830720.0,
171,Taurean Prince,PF,Minnesota Timberwolves,8000000.0,13000000.0,12250000.0,3481986.0,2526840.0,2526840.0,2318280.0,,,,,,,,,,,
172,Kevon Looney,C,Golden State Warriors,8000000.0,5178572.0,4464226.0,4464226.0,1512601.0,1471382.0,1182840.0,1131960.0,,,,,,,,,,
173,Isaiah Hartenstein,C,New York Knicks,7804879.0,1669178.0,1620564.0,1416852.0,838464.0,,,,,,,,,,,,,
174,Delon Wright,SG,Washington Wizards,7804878.0,8526316.0,9000000.0,9473684.0,2536898.0,2536898.0,1577280.0,1509360.0,,,,,,,,,,
175,Patrick Williams,PF,Chicago Bulls,7775400.0,7422000.0,7068360.0,,,,,,,,,,,,,,,
176,Scottie Barnes,SF,Toronto Raptors,7644720.0,7280520.0,,,,,,,,,,,,,,,,
177,Cedi Osman,SF,Cleveland Cavaliers,7426088.0,8133334.0,8840580.0,2907143.0,2775000.0,2775000.0,,,,,,,,,,,,
178,Coby White,PG,Chicago Bulls,7413955.0,5837760.0,5572680.0,5307120.0,,,,,,,,,,,,,,
179,Aron Baynes,C,Toronto Raptors,7350000.0,7350000.0,7000000.0,5453280.0,5193600.0,,6500000.0,6500000.0,2077000.0,788872.0,239588.0,,,,,,,
180,Zach Collins,PF,San Antonio Spurs,7350000.0,7000000.0,5406255.0,4240200.0,3628920.0,3057240.0,,,,,,,,,,,,
181,Jaden Ivey,G,Detroit Pistons,7252200.0,,,,,,,,,,,,,,,,,
182,Isaac Okoro,SF,Cleveland Cavaliers,7040880.0,6720720.0,6400920.0,,,,,,,,,,,,,,,
183,Cody Martin,SF,Charlotte Hornets,7000000.0,1782621.0,1517981.0,1173310.0,,,,,,,,,,,,,,
184,Jalen Suggs,SG,Orlando Magic,6922320.0,6593040.0,,,,,,,,,,,,,,,,
185,Juancho Hernangomez,F,Toronto Raptors,6907815.0,6907815.0,6493000.0,3321030.0,2166360.0,2076840.0,1987440.0,,,,,,,,,,,
186,Jaxson Hayes,C,New Orleans Pelicans,6803012.0,5348280.0,5105160.0,4862040.0,,,,,,,,,,,,,,
187,Khem Birch,C,Toronto Raptors,6667500.0,6350000.0,3000000.0,3000000.0,1378242.0,1378242.0,,,507336.0,,,,,,,,,
188,Bennedict Mathurin,G,Indiana Pacers,6586800.0,,,,,,,,,,,,,,,,,
189,Patty Mills,PG,Brooklyn Nets,6479000.0,5890000.0,13535714.0,12428571.0,11571429.0,10714286.0,3578948.0,3578947.0,3842105.0,1133950.0,1085120.0,213517.0,937195.0,457588.0,,,,
190,Caleb Martin,SF,Miami Heat,6479000.0,1782621.0,1517981.0,898310.0,,,,,,,,,,,,,,
191,Lonnie Walker IV,G,Los Angeles Lakers,6479000.0,4447896.0,2892000.0,2689920.0,2357160.0,,,,,,,,,,,,,
192,John Wall,PG,LA Clippers,6479000.0,44310840.0,41254920.0,38199000.0,19169800.0,19169800.0,16957900.0,15851950.0,14746000.0,7459925.0,7459925.0,5530080.0,5144280.0,,,,,
193,Bruce Brown,SF,Denver Nuggets,6479000.0,4736102.0,1663861.0,1416852.0,838464.0,,,,,,,,,,,,,
194,Danilo Gallinari,F,Boston Celtics,6479000.0,20475000.0,19500000.0,22615559.0,21587579.0,20559599.0,15050000.0,14000000.0,10854850.0,10146925.0,9439000.0,4190182.0,3304560.0,3089040.0,2873520.0,,,
195,Onyeka Okongwu,PF,Atlanta Hawks,6395160.0,6104280.0,5813640.0,,,,,,,,,,,,,,,
196,Justin Holiday,SF,Atlanta Hawks,6292440.0,6006420.0,5720000.0,4767000.0,4384616.0,4384616.0,1015696.0,947276.0,816482.0,,,,,,,,,
197,Josh Giddey,SG,Oklahoma City Thunder,6287280.0,5988000.0,,,,,,,,,,,,,,,,
198,Rui Hachimura,PF,Washington Wizards,6263188.0,4916160.0,4692840.0,4469160.0,,,,,,,,,,,,,,
199,Rudy Gay,SF,Utah Jazz,6184500.0,5890000.0,14500000.0,14500000.0,10087200.0,8406000.0,13333333.0,12403101.0,19317326.0,17888932.0,16460538.0,15032144.0,13603750.0,3280997.0,2579400.0,2411160.0,2242920.0,
200,Shaedon Sharpe,G,Portland Trail Blazers,6012960.0,,,,,,,,,,,,,,,,,
201,Otto Porter Jr.,SF,Toronto Raptors,6000000.0,1669178.0,28489237.0,27250575.0,26011913.0,26011913.0,5893981.0,4662960.0,4470480.0,4278000.0,4278000.0,,,,,,,
202,Cameron Payne,PG,Phoenix Suns,6000000.0,6500000.0,1977011.0,1737145.0,3263294.0,3263294.0,2112480.0,2021520.0,,,,,,,,,,
203,Cam Reddish,SF,New York Knicks,5954454.0,4670160.0,4458000.0,4245720.0,,,,,,,,,,,,,,
204,Cameron Johnson,SF,Phoenix Suns,5887899.0,4437000.0,4033440.0,4033440.0,,,,,,,,,,,,,,
205,Ricky Rubio,PG,Cleveland Cavaliers,5853659.0,17800000.0,17000000.0,16200000.0,14975000.0,14275000.0,13550000.0,12700000.0,4660479.0,3678358.0,3741120.0,3480120.0,,,,,,
206,Kevin Knox II,F,Detroit Pistons,5845979.0,5845979.0,4588680.0,4380120.0,3739920.0,,,,,,,,,,,,,
207,P.J. Washington,PF,Charlotte Hornets,5808435.0,4215120.0,4023600.0,3831840.0,,,,,,,,,,,,,,
208,Jonathan Kuminga,PF,Golden State Warriors,5739860.0,5466360.0,,,,,,,,,,,,,,,,
209,Pat Connaughton,SG,Milwaukee Bucks,5728396.0,5333334.0,4938272.0,1723050.0,1641000.0,1471382.0,874636.0,625093.0,,,,,,,,,,
210,Tyler Herro,PG,Miami Heat,5722116.0,4004280.0,2582160.0,3640200.0,,,,,,,,,,,,,,
211,Romeo Langford,SG,San Antonio Spurs,5634257.0,3804360.0,3631200.0,3458400.0,,,,,,,,,,,,,,
212,Killian Hayes,PG,Detroit Pistons,5572680.0,5572680.0,5307120.0,,,,,,,,,,,,,,,
213,Dyson Daniels,G,New Orleans Pelicans,5508600.0,,,,,,,,,,,,,,,,,
214,JaVale McGee,C,Dallas Mavericks,5461219.0,5000000.0,4200000.0,4000000.0,1512601.0,1471382.0,1403611.0,1270964.0,11250000.0,10750000.0,10000000.0,2462400.0,1601040.0,1496640.0,1392240.0,,,
215,Obi Toppin,PF,New York Knicks,5348280.0,5105160.0,4862040.0,,,,,,,,,,,,,,,
216,Franz Wagner,SF,Orlando Magic,5258280.0,5007840.0,,,,,,,,,,,,,,,,
217,Kendrick Nunn,G,Los Angeles Lakers,5250000.0,5000000.0,1663861.0,1416852.0,,,,,,,,,,,,,,
218,Hamidou Diallo,SG,Detroit Pistons,5200000.0,5200000.0,1663861.0,1416852.0,838464.0,,,,,,,,,,,,,
219,Taj Gibson,F,Washington Wizards,5155500.0,4910000.0,1442968.0,9000000.0,14000000.0,14000000.0,8950000.0,8500000.0,8000000.0,7550000.0,7415730.0,1195680.0,1117680.0,1039800.0,,,,
220,Cory Joseph,PG,Detroit Pistons,5155500.0,4910000.0,12600000.0,12000000.0,7945000.0,7945000.0,7315000.0,7000000.0,2023261.0,1120920.0,1074720.0,1074720.0,,,,,,
221,Torrey Craig,SF,Phoenix Suns,5121951.0,4878049.0,1620564.0,2000000.0,2000000.0,,,,,,,,,,,,,
222,Jeremy Sochan,F,San Antonio Spurs,5063520.0,,,,,,,,,,,,,,,,,
223,David Nwaba,SF,Houston Rockets,5022000.0,4650000.0,1824003.0,903111.0,1512601.0,,,,,,,,,,,,,
224,Nickeil Alexander-Walker,SG,Utah Jazz,5009633.0,3261480.0,3113160.0,2964840.0,,,,,,,,,,,,,,
225,Furkan Korkmaz,SG,Philadelphia 76ers,5000000.0,4629630.0,1762796.0,1620564.0,1740000.0,1740000.0,,,,,,,,,,,,
226,Dante Exum,PG,Houston Rockets,5000000.0,5000000.0,9600000.0,9600000.0,9600000.0,4992385.0,3940320.0,3777720.0,3615000.0,,,,,,,,,
227,Lou Williams,SG,Atlanta Hawks,5000000.0,5000000.0,8000000.0,8000000.0,8000000.0,7000000.0,7000000.0,7000000.0,5450000.0,5225000.0,5000000.0,5176000.0,5000000.0,4972500.0,4500000.0,770610.0,664209.0,
228,Deni Avdija,SF,Washington Wizards,4916160.0,4692840.0,4469160.0,,,,,,,,,,,,,,,
229,Garrett Temple,SF,New Orleans Pelicans,4910000.0,4910000.0,4767000.0,4767000.0,8000000.0,8000000.0,8000000.0,1100602.0,981084.0,884293.0,884293.0,,,88826.0,,,,
230,Davion Mitchell,PG,Sacramento Kings,4833600.0,4603320.0,,,,,,,,,,,,,,,,
231,Johnny Davis,G,Washington Wizards,4810320.0,,,,,,,,,,,,,,,,,
232,Goga Bitadze,C,Indiana Pacers,4765339.0,3098400.0,2957520.0,2816760.0,,,,,,,,,,,,,,
233,Ish Smith,PG,Denver Nuggets,4750000.0,4500000.0,6000000.0,6000000.0,6000000.0,6000000.0,6000000.0,947276.0,861405.0,951463.0,910941.0,522472.0,473604.0,,,,,
234,Dewayne Dedmon,C,Miami Heat,4700000.0,1669178.0,432890.0,13333333.0,7200000.0,7200000.0,2898000.0,947276.0,816482.0,,,,,,,,,
235,Jalen Smith,F,Indiana Pacers,4670160.0,4458000.0,4245720.0,,,,,,,,,,,,,,,
236,Ziaire Williams,SG,Memphis Grizzlies,4591680.0,4373040.0,,,,,,,,,,,,,,,,
237,Ousmane Dieng,F,Oklahoma City Thunder,4569840.0,,,,,,,,,,,,,,,,,
238,Maurice Harkless,SF,Atlanta Hawks,4564980.0,4347600.0,3623000.0,11011234.0,10837079.0,10162922.0,8988765.0,2894059.0,1887840.0,1809840.0,1809840.0,,,,,,,
239,Donte DiVincenzo,SG,Golden State Warriors,4500000.0,4675830.0,3044160.0,2905800.0,2481000.0,,,,,,,,,,,,,
240,Jeff Green,PF,Denver Nuggets,4500000.0,4500000.0,1620564.0,439475.0,1512601.0,,15000000.0,9650000.0,9200000.0,8700000.0,8385000.0,4455988.0,4455988.0,3516960.0,3287640.0,3058200.0,3058200.0,
241,Devin Vassell,SG,San Antonio Spurs,4437000.0,4235160.0,4033440.0,,,,,,,,,,,,,,,
242,Matisse Thybulle,SG,Philadelphia 76ers,4379527.0,2840160.0,2711280.0,2582160.0,,,,,,,,,,,,,,
243,James Bouknight,SG,Charlotte Hornets,4362240.0,4154400.0,,,,,,,,,,,,,,,,
244,Brandon Clarke,PF,Memphis Grizzlies,4343920.0,2726880.0,2602920.0,2478840.0,,,,,,,,,,,,,,
245,Jalen Williams,F,Oklahoma City Thunder,4341480.0,,,,,,,,,,,,,,,,,
246,Grant Williams,PF,Boston Celtics,4306281.0,2617800.0,2498760.0,2379840.0,,,,,,,,,,,,,,
247,Darius Bazley,PF,Oklahoma City Thunder,4264629.0,2513040.0,2339160.0,2284800.0,,,,,,,,,,,,,,
248,Ty Jerome,SG,Oklahoma City Thunder,4220057.0,2412840.0,2303040.0,2193480.0,,,,,,,,,,,,,,
249,Tyrese Haliburton,PG,Indiana Pacers,4215120.0,4023600.0,3831840.0,,,,,,,,,,,,,,,
250,Nassir Little,SF,Portland Trail Blazers,4171548.0,2316240.0,2210640.0,2105520.0,,,,,,,,,,,,,,
251,Joshua Primo,SG,San Antonio Spurs,4144320.0,3946800.0,,,,,,,,,,,,,,,,
252,Jalen Duren,C,Detroit Pistons,4124280.0,,,,,,,,,,,,,,,,,
253,Danuel House Jr.,SF,Philadelphia 76ers,4105000.0,565986.0,3717000.0,3540000.0,247827.0,,543471.0,,,,,,,,,,,
254,Willie Cauley-Stein,C,Philadelphia 76ers,4100000.0,4100000.0,4100000.0,2177483.0,4696875.0,3704160.0,3551160.0,3398280.0,,,,,,,,,,
255,Justise Winslow,PF,Portland Trail Blazers,4097561.0,3902439.0,13000000.0,13000000.0,3448926.0,3448926.0,2593440.0,2481720.0,,,,,,,,,,
256,Jarred Vanderbilt,PF,Utah Jazz,4050000.0,4050000.0,1663361.0,1416852.0,838464.0,,,,,,,,,,,,,
257,Dylan Windler,SG,Cleveland Cavaliers,4037278.0,2239200.0,2137440.0,2035800.0,,,,,,,,,,,,,,
258,Chandler Hutchison,SF,Phoenix Suns,4019459.0,4019459.0,2443440.0,2332320.0,1990520.0,,,,,,,,,,,,,
259,Kira Lewis Jr.,PG,New Orleans Pelicans,4004280.0,3822240.0,3640200.0,,,,,,,,,,,,,,,
260,Terence Davis,SG,Sacramento Kings,4000000.0,4000000.0,1517981.0,898310.0,,,,,,,,,,,,,,
261,George Hill,PG,Milwaukee Bucks,4000000.0,4000000.0,9590602.0,9133907.0,19000000.0,19000000.0,8000000.0,8000000.0,8000000.0,8000000.0,8000000.0,1540493.0,854389.0,1081680.0,1006200.0,,,
262,Chris Duarte,SG,Indiana Pacers,3936960.0,3749400.0,,,,,,,,,,,,,,,,
263,Ochai Agbaji,F,Cleveland Cavaliers,3918360.0,,,,,,,,,,,,,,,,,
264,Alex Len,C,Sacramento Kings,3918000.0,3732000.0,1265372.0,4160000.0,4350000.0,4187599.0,4823621.0,3807120.0,3649920.0,3492720.0,,,,,,,,
265,Jordan Poole,SG,Golden State Warriors,3901399.0,2161440.0,2063280.0,1964760.0,,,,,,,,,,,,,,
266,Keldon Johnson,SF,San Antonio Spurs,3873025.0,2145720.0,2048040.0,1950600.0,,,,,,,,,,,,,,
267,Aaron Nesmith,SF,Indiana Pacers,3804360.0,3631200.0,3458400.0,,,,,,,,,,,,,,,
268,Mark Williams,C,Charlotte Hornets,3722040.0,,,,,,,,,,,,,,,,,
269,Gabriel Deck,SF,Oklahoma City Thunder,3676852.0,3676852.0,3870370.0,,,,,,,,,,,,,,,
270,Cole Anthony,PG,Orlando Magic,3613680.0,3449400.0,3285120.0,,,,,,,,,,,,,,,
271,Sekou Doumbouya,SF,Los Angeles Lakers,3613680.0,3613680.0,3449400.0,3285120.0,,,,,,,,,,,,,,
272,Moses Moody,SG,Golden State Warriors,3562200.0,3562200.0,,,,,,,,,,,,,,,,
273,Corey Kispert,SF,Washington Wizards,3552960.0,3383640.0,,,,,,,,,,,,,,,,
274,AJ Griffin,F,Atlanta Hawks,3536160.0,,,,,,,,,,,,,,,,,
275,Boban Marjanovic,C,Houston Rockets,3500000.0,3500000.0,3500000.0,3500000.0,7000000.0,7000000.0,7000000.0,1200000.0,,,,,,,,,,
276,Georges Niang,SF,Philadelphia 76ers,3465000.0,3300000.0,1783557.0,1645357.0,1512601.0,,650000.0,,,,,,,,,,,
277,Chuma Okeke,PF,Orlando Magic,3433320.0,3277080.0,3121080.0,,,,,,,,,,,,,,,
278,Isaiah Stewart,C,Detroit Pistons,3433320.0,3277080.0,3121080.0,,,,,,,,,,,,,,,
279,Amir Coffey,SG,LA Clippers,3395062.0,,,,,,,,,,,,,,,,,
280,Alperen Sengun,C,Houston Rockets,3375480.0,3214680.0,,,,,,,,,,,,,,,,
281,Tari Eason,F,Houston Rockets,3309160.0,,,,,,,,,,,,,,,,,
282,Michael Carter-Williams,PG,Orlando Magic,3300000.0,3300000.0,3300000.0,1620564.0,,,3183526.0,2399040.0,2300040.0,2200920.0,,,,,,,,
283,Aleksej Pokusevski,C,Oklahoma City Thunder,3261480.0,3113160.0,2964840.0,,,,,,,,,,,,,,,
284,Trey Burke,PG,Houston Rockets,3243750.0,3150000.0,3000000.0,1620564.0,1795015.0,1544951.0,3386598.0,2658240.0,2548560.0,2438760.0,,,,,,,,
285,Kevin Porter Jr.,SG,Houston Rockets,3217631.0,1782621.0,1717981.0,1290960.0,,,,,,,,,,,,,,
286,Trey Murphy III,SG,New Orleans Pelicans,3206640.0,3053760.0,,,,,,,,,,,,,,,,
287,Derrick Jones Jr.,SF,Chicago Bulls,3200000.0,9720900.0,9258000.0,1645357.0,1512601.0,,543471.0,,,,,,,,,,,
288,Andre Drummond,C,Chicago Bulls,3200000.0,1669178.0,794536.0,27093019.0,25434263.0,25434263.0,22116750.0,3272091.0,2568360.0,2465400.0,2356320.0,,,,,,,
289,Dalen Terry,G,Chicago Bulls,3191400.0,,,,,,,,,,,,,,,,,
290,Josh Green,SG,Dallas Mavericks,3098400.0,2957520.0,2816760.0,,,,,,,,,,,,,,,
291,Jake LaRavia,F,Memphis Grizzlies,3047640.0,,,,,,,,,,,,,,,,,
292,Tre Mann,PG,Oklahoma City Thunder,3046200.0,2901240.0,,,,,,,,,,,,,,,,
293,Sterling Brown,SF,Houston Rockets,3000000.0,3000000.0,1620564.0,1618520.0,1378242.0,1378242.0,,,,,,,,,,,,
294,Luka Samanic,PF,New York Knicks,2959080.0,2959080.0,2892000.0,2689920.0,,,,,,,,,,,,,,
295,Saddiq Bey,SF,Detroit Pistons,2959080.0,2824320.0,2689920.0,,,,,,,,,,,,,,,
296,Malaki Branham,G,San Antonio Spurs,2925600.0,,,,,,,,,,,,,,,,,
297,Kai Jones,PF,Charlotte Hornets,2909160.0,2770560.0,,,,,,,,,,,,,,,,
298,Precious Achiuwa,PF,Toronto Raptors,2840160.0,2711280.0,2582160.0,,,,,,,,,,,,,,,
299,Christian Braun,G,Denver Nuggets,2808600.0,,,,,,,,,,,,,,,,,
300,Jalen Johnson,SF,Atlanta Hawks,2792640.0,2659580.0,,,,,,,,,,,,,,,,
301,Tyrese Maxey,PG,Philadelphia 76ers,2726880.0,2602920.0,2478840.0,,,,,,,,,,,,,,,
302,Trey Lyles,PF,Sacramento Kings,2700000.0,2500000.0,5500000.0,5500000.0,3364249.0,2441400.0,2340600.0,2239800.0,,,,,,,,,,
303,Walker Kessler,C,Utah Jazz,2696400.0,,,,,,,,,,,,,,,,,
304,Marc Gasol,C,Memphis Grizzlies,2692991.0,2692991.0,2564753.0,25595700.0,24119025.0,22642350.0,21165675.0,19688000.0,15829688.0,14860523.0,13891359.0,12922194.0,3573333.0,3333333.0,3093333.0,,,
305,Anthony Tolliver,PF,New Orleans Pelicans,2692991.0,2692991.0,263501.0,,4750000.0,3290000.0,8000000.0,3000000.0,3000000.0,884293.0,854389.0,2050000.0,2200000.0,427316.0,711517.0,427163.0,,
306,Keon Johnson,SG,Portland Trail Blazers,2681040.0,2553120.0,,,,,,,,,,,,,,,,
307,David Roddy,G,Memphis Grizzlies,2588640.0,,,,,,,,,,,,,,,,,
308,Isaiah Jackson,F,Indiana Pacers,2573760.0,2451240.0,,,,,,,,,,,,,,,,
309,Zeke Nnaji,PF,Denver Nuggets,2498760.0,2498760.0,2284800.0,,,,,,,,,,,,,,,
310,MarJon Beauchamp,G,Milwaukee Bucks,2485200.0,,,,,,,,,,,,,,,,,
311,Usman Garuba,PF,Houston Rockets,2471160.0,2353320.0,,,,,,,,,,,,,,,,
312,Willy Hernangomez,C,New Orleans Pelicans,2443581.0,2327220.0,1620564.0,1676735.0,1544951.0,1544951.0,1350000.0,,,,,,,,,,,
313,R.J. Hampton,PG,Orlando Magic,2412840.0,2303040.0,2193040.0,,,,,,,,,,,,,,,
314,Blake Wesley,G,San Antonio Spurs,2385480.0,,,,,,,,,,,,,,,,,
315,Josh Christopher,SG,Houston Rockets,2372160.0,2259240.0,,,,,,,,,,,,,,,,
316,Leandro Bolmaro,SG,Utah Jazz,2353320.0,2353320.0,,,,,,,,,,,,,,,,
317,Stanley Johnson,PF,Los Angeles Lakers,2351521.0,888616.0,3804150.0,3623000.0,3940402.0,3940402.0,2969880.0,2841960.0,,,,,,,,,,
318,Immanuel Quickley,SG,New York Knicks,2316240.0,2210640.0,2105520.0,,,,,,,,,,,,,,,
319,Wendell Moore Jr.,F,Minnesota Timberwolves,2306520.0,,,,,,,,,,,,,,,,,
320,John Konchar,SG,Memphis Grizzlies,2300000.0,2200000.0,2100000.0,,,,,,,,,,,,,,,
321,Damian Jones,C,Los Angeles Lakers,2298385.0,1977011.0,237965.0,2305057.0,1544951.0,1312611.0,1171560.0,,,,,,,,,,,
322,Quentin Grimes,SG,New York Knicks,2277000.0,2168760.0,,,,,,,,,,,,,,,,
323,Andrew Nembhard,G,Indiana Pacers,2244111.0,,,,,,,,,,,,,,,,,
324,Nikola Jovic,F,Miami Heat,2239920.0,,,,,,,,,,,,,,,,,
325,Payton Pritchard,PG,Boston Celtics,2239200.0,2137440.0,2193480.0,,,,,,,,,,,,,,,
326,Vlatko Cancar,SF,Denver Nuggets,2234359.0,1782621.0,1517981.0,898310.0,,,,,,,,,,,,,,
327,Patrick Baldwin Jr.,F,Golden State Warriors,2226000.0,,,,,,,,,,,,,,,,,
328,TyTy Washington Jr.,G,Houston Rockets,2210040.0,,,,,,,,,,,,,,,,,
329,Bones Hyland,PG,Denver Nuggets,2201400.0,2096880.0,,,,,,,,,,,,,,,,
330,Bol Bol,C,Orlando Magic,2200000.0,2161152.0,2058240.0,,,,,,,,,,,,,,,
331,Peyton Watson,F,Denver Nuggets,2193960.0,,,,,,,,,,,,,,,,,
332,Nik Stauskas,G,Indiana Pacers,2193920.0,,,,504200.0,,2993040.0,2869440.0,2745840.0,,,,,,,,,
333,Marquese Chriss,SF,Houston Rockets,2193920.0,958529.0,1824003.0,654469.0,3206160.0,3073800.0,2941440.0,,,,,,,,,,,
334,Udoka Azubuike,C,Utah Jazz,2174880.0,2075880.0,1977000.0,,,,,,,,,,,,,,,
335,Jaden McDaniels,PF,Minnesota Timberwolves,2161440.0,2063280.0,1964760.0,,,,,,,,,,,,,,,
336,Jordan McLaughlin,PG,Minnesota Timberwolves,2160000.0,2000000.0,,,,,,,,,,,,,,,,
337,Malachi Flynn,PG,Toronto Raptors,2145720.0,2048040.0,1950600.0,,,,,,,,,,,,,,,
338,Cam Thomas,SG,Brooklyn Nets,2138160.0,2036280.0,,,,,,,,,,,,,,,,
339,Desmond Bane,SG,Memphis Grizzlies,2130240.0,2033160.0,1936440.0,,,,,,,,,,,,,,,
340,Jahlil Okafor,C,Atlanta Hawks,2130023.0,2130023.0,1882867.0,1702486.0,1567707.0,,4788840.0,4582680.0,,,,,,,,,,
341,Jaden Springer,G,Philadelphia 76ers,2125200.0,2023800.0,,,,,,,,,,,,,,,,
342,Day'Ron Sharpe,C,Brooklyn Nets,2109480.0,2009040.0,,,,,,,,,,,,,,,,
343,Jevon Carter,PG,Milwaukee Bucks,2100000.0,441277.0,3925000.0,1416852.0,838464.0,,,,,,,,,,,,,
344,Santi Aldama,PF,Memphis Grizzlies,2094240.0,1994520.0,,,,,,,,,,,,,,,,
345,Frank Ntilikina,PG,Dallas Mavericks,2036318.0,1669178.0,6176578.0,4855800.0,4155720.0,4155720.0,,,,,,,,,,,,
346,Tony Bradley,C,Chicago Bulls,2036318.0,1669178.0,3542060.0,1962360.0,1679520.0,1414920.0,,,,,,,,,,,,
347,Jaylin Williams,F,Oklahoma City Thunder,2000000.0,,,,,,,,,,,,,,,,,
348,Jeremiah Robinson-Earl,PF,Oklahoma City Thunder,2000000.0,2000000.0,,,,,,,,,,,,,,,,
349,Kenrich Williams,SF,Oklahoma City Thunder,2000000.0,2000000.0,2000000.0,1416852.0,838464.0,,,,,,,,,,,,,
350,Abdel Nader,SF,Phoenix Suns,2000000.0,2000000.0,1752950.0,1618520.0,1378242.0,1167333.0,,,,,,,,,,,,
351,Caleb Houstan,F,Orlando Magic,2000000.0,,,,,,,,,,,,,,,,,
352,Garrison Mathews,SG,Houston Rockets,2000000.0,2000000.0,,,,,,,,,,,,,,,,
353,Shake Milton,SG,Philadelphia 76ers,1977718.0,1846738.0,1701593.0,1455697.0,,,,,,,,,,,,,,
354,Edmond Sumner,PG,Brooklyn Nets,1968175.0,2320000.0,2160000.0,2000000.0,,,,,,,,,,,,,,
355,Jontay Porter,PF,Memphis Grizzlies,1950000.0,1950000.0,1900000.0,,,,,,,,,,,,,,,
356,Denzel Valentine,SG,Utah Jazz,1939350.0,1939350.0,4642800.0,3377569.0,2280600.0,2280600.0,2092200.0,,,,,,,,,,,
357,Jalen McDaniels,PF,Charlotte Hornets,1930681.0,1782621.0,1517981.0,898310.0,,,,,,,,,,,,,,
358,Daniel Gafford,C,Washington Wizards,1930681.0,1782621.0,1517981.0,898310.0,,,,,,,,,,,,,,
359,Naz Reid,C,Minnesota Timberwolves,1930681.0,1782621.0,1517981.0,898310.0,,,,,,,,,,,,,,
360,Jaylen Nowell,SG,Minnesota Timberwolves,1930681.0,1782621.0,1517981.0,1400000.0,,,,,,,,,,,,,,
361,Terance Mann,SG,LA Clippers,1930681.0,1782621.0,1517981.0,1000000.0,,,,,,,,,,,,,,
362,Dean Wade,PF,Cleveland Cavaliers,1930681.0,1782621.0,1517981.0,,,,,,,,,,,,,,,
363,P.J. Dozier,SG,Orlando Magic,1910860.0,1910860.0,1762796.0,,,,,,,,,,,,,,,
364,Chimezie Metu,PF,Sacramento Kings,1910680.0,1762796.0,700000.0,1416852.0,838464.0,,,,,,,,,,,,,
365,Davon Reed,SG,Denver Nuggets,1902133.0,,,,,815615.0,,,,,,,,,,,,
366,Xavier Tillman,C,Memphis Grizzlies,1901625.0,1517981.0,1300000.0,,,,,,,,,,,,,,,
367,Killian Tillie,SF,Memphis Grizzlies,1901625.0,1901625.0,,,,,,,,,,,,,,,,
368,Theo Maledon,PG,Oklahoma City Thunder,1900000.0,2000000.0,2000000.0,,,,,,,,,,,,,,,
369,Svi Mykhailiuk,SG,Toronto Raptors,1878720.0,1729217.0,1663861.0,1416852.0,1487694.0,,,,,,,,,,,,,
370,Keita Bates-Diop,SF,San Antonio Spurs,1878720.0,1729217.0,1663861.0,1416852.0,838464.0,,,,,,,,,,,,,
371,Moritz Wagner,C,Orlando Magic,1878720.0,1729217.0,221995.0,2063520.0,1762080.0,,,,,,,,,,,,,
372,Wenyen Gabriel,F,Los Angeles Lakers,1878720.0,,1620564.0,1445697.0,,,,,,,,,,,,,,
373,Didi Louzada,SF,Portland Trail Blazers,1876222.0,1786878.0,123056.0,,,,,,,,,,,,,,,
374,Oshae Brissett,SF,Indiana Pacers,1846738.0,1701593.0,757453.0,,,,,,,,,,,,,,,
375,Anthony Gill,PF,Washington Wizards,1836090.0,1517981.0,898310.0,,,,,,,,,,,,,,,
376,Drew Eubanks,PF,Portland Trail Blazers,1836090.0,1762796.0,1620564.0,,,,,,,,,,,,,,,
377,Josh Okogie,SF,Phoenix Suns,1836090.0,4087904.0,2651040.0,2530680.0,2160720.0,,,,,,,,,,,,,
378,Damion Lee,SG,Phoenix Suns,1836090.0,1910860.0,1762796.0,842327.0,,,,,,,,,,,,,,
379,Bismack Biyombo,C,Phoenix Suns,1836090.0,863368.0,3500000.0,17000000.0,17000000.0,17000000.0,17000000.0,2814000.0,3873398.0,3049920.0,3049920.0,2798040.0,,,,,,
380,T.J. Warren,SF,Brooklyn Nets,1836090.0,12690000.0,12500000.0,10810000.0,11750000.0,3152931.0,2128920.0,2041080.0,1953120.0,,,,,,,,,
381,Nathan Knight,F,Minnesota Timberwolves,1836090.0,,,,,,,,,,,,,,,,,
382,Bryn Forbes,SG,Minnesota Timberwolves,1836090.0,4500000.0,2337145.0,2875000.0,3125000.0,1312611.0,543471.0,,,,,,,,,,,
383,Austin Rivers,SG,Minnesota Timberwolves,1836090.0,1669178.0,188696.0,2147317.0,922943.0,12650000.0,11000000.0,3110796.0,2439840.0,2339040.0,2238360.0,,,,,,,
384,Wesley Matthews,SG,Milwaukee Bucks,1836090.0,1237494.0,3623000.0,2564753.0,512746.0,17884176.0,17145838.0,16407500.0,7245640.0,6875480.0,6505320.0,6505320.0,5765000.0,457588.0,,,,
385,Serge Ibaka,C,Milwaukee Bucks,1836090.0,9720900.0,9258000.0,23271604.0,21666667.0,21666667.0,12250000.0,12250000.0,12350000.0,12350000.0,12350000.0,1288200.0,1204200.0,1120200.0,,,,
386,DeAndre Jordan,C,Denver Nuggets,1836090.0,,10375678.0,9881598.0,22897200.0,22642350.0,21165675.0,19689000.0,11440123.0,10986550.0,10986550.0,10079404.0,854389.0,736420.0,550000.0,,,
387,Theo Pinson,G,Dallas Mavericks,1836090.0,,1445697.0,1445697.0,,,,,,,,,,,,,,
388,Raul Neto,PG,Cleveland Cavaliers,1836090.0,1669178.0,1620564.0,1620564.0,2150000.0,1471382.0,937800.0,900000.0,,,,,,,,,,
389,Robin Lopez,C,Cleveland Cavaliers,1836090.0,5000000.0,7300000.0,4767000.0,14357750.0,14357750.0,13219250.0,12650000.0,6124729.0,5904261.0,4899293.0,2862602.0,1867320.0,1745520.0,1623720.0,,,
390,Aaron Holiday,G,Atlanta Hawks,1836090.0,3980551.0,2345640.0,2329200.0,1911960.0,,,,,,,,,,,,,
391,Frank Kaminsky,PG,Atlanta Hawks,1836090.0,1669178.0,1620564.0,4767000.0,3627842.0,3627842.0,2730000.0,2612520.0,,,,,,,,,,
392,Juan Toscano-Anderson,SF,Los Angeles Lakers,1836016.0,1701593.0,358295.0,350189.0,,,,,,,,,,,,,,
393,Troy Brown Jr.,SF,Los Angeles Lakers,1836016.0,5170564.0,3219480.0,3219480.0,2749080.0,,,,,,,,,,,,,
394,Thomas Bryant,C,Los Angeles Lakers,1836016.0,8666667.0,8333333.0,8000000.0,1378242.0,815615.0,,,,,,,,,,,,
395,Dwayne Bacon,SG,New York Knicks,1824003.0,1824003.0,1678854.0,1618520.0,1378242.0,1378242.0,,,,,,,,,,,,
396,Wes Iwundu,SF,Atlanta Hawks,1824003.0,1824003.0,1678854.0,1618420.0,1378242.0,1378242.0,,,,,,,,,,,,
397,Thanasis Antetokounmpo,SF,Milwaukee Bucks,1815677.0,1669178.0,1701593.0,1445697.0,,,,,,,,,,,,,,
398,Max Strus,SG,Miami Heat,1815677.0,1669178.0,898310.0,898310.0,,,,,,,,,,,,,,
399,Javonte Green,SF,Chicago Bulls,1815677.0,1669178.0,1517981.0,898310.0,,,,,,,,,,,,,,
400,Juwan Morgan,F,Indiana Pacers,1815518.0,,1517981.0,746054.0,,,,,,,,,,,,,,
401,Herbert Jones,SF,New Orleans Pelicans,1785000.0,1700000.0,,,,,,,,,,,,,,,,
402,Nick Richards,C,Charlotte Hornets,1782621.0,1517981.0,1000000.0,,,,,,,,,,,,,,,
403,Vernon Carey Jr.,C,Washington Wizards,1782621.0,1517981.0,1350000.0,,,,,,,,,,,,,,,
404,Tre Jones,PG,San Antonio Spurs,1782621.0,1517981.0,898310.0,,,,,,,,,,,,,,,
405,Isaiah Roby,PF,San Antonio Spurs,1782621.0,1782621.0,1517981.0,1500000.0,,,,,,,,,,,,,,
406,KZ Okpala,F,Sacramento Kings,1782621.0,1782621.0,1517981.0,898310.0,,,,,,,,,,,,,,
407,Isaiah Joe,SG,Philadelphia 76ers,1782621.0,1517981.0,898310.0,,,,,,,,,,,,,,,
408,Paul Reed,SF,Philadelphia 76ers,1782621.0,1517981.0,609128.0,,,,,,,,,,,,,,,
409,Yogi Ferrell,PG,LA Clippers,1782621.0,1782621.0,214169.0,3150000.0,3000000.0,1312611.0,,,,,,,,,,,,
410,Kenyon Martin Jr.,F,Houston Rockets,1782621.0,1517981.0,898310.0,,,,,,,,,,,,,,,
411,Alen Smailagic,PF,Golden State Warriors,1782621.0,1782621.0,1517981.0,898310.0,,,,,,,,,,,,,,
412,Lamar Stevens,F,Cleveland Cavaliers,1782621.0,1517981.0,652366.0,,,,,,,,,,,,,,,
413,Naji Marshall,SF,New Orleans Pelicans,1782621.0,1517981.0,120000.0,,,,,,,,,,,,,,,
414,Miye Oni,SG,New Orleans Pelicans,1782621.0,1782621.0,1517981.0,898310.0,,,,,,,,,,,,,,
415,Yuta Watanabe,SF,Toronto Raptors,1762796.0,1762796.0,321893.0,,,,,,,,,,,,,,,
416,Khyri Thomas,SG,Houston Rockets,1762796.0,1762796.0,250000.0,1416852.0,838464.0,,,,,,,,,,,,,
417,Armoni Brooks,SG,Toronto Raptors,1752638.0,,,,,,,,,,,,,,,,,
418,Devin Cannady,G,Orlando Magic,1752638.0,,,,,,,,,,,,,,,,,
419,Luca Vildoza,G,Milwaukee Bucks,1752638.0,,3500000.0,,,,,,,,,,,,,,,
420,Rayjon Tucker,G,Milwaukee Bucks,1752638.0,,1517981.0,578573.0,,,,,,,,,,,,,,
421,Haywood Highsmith,F,Miami Heat,1752638.0,,,,,,,,,,,,,,,,,
422,Omer Yurtseven,C,Miami Heat,1752638.0,1489065.0,,,,,,,,,,,,,,,,
423,Malik Fitts,F,Indiana Pacers,1752638.0,,,,,,,,,,,,,,,,,
424,Saben Lee,PG,Detroit Pistons,1752638.0,1489065.0,,,,,,,,,,,,,,,,
425,Paul Watson,SG,Oklahoma City Thunder,1701593.0,1701593.0,1445697.0,,,,,,,,,,,,,,,
426,Charlie Brown Jr.,G,Philadelphia 76ers,1701593.0,1701593.0,,,,,,,,,,,,,,,,
427,Mfiondu Kabengele,C,Boston Celtics,1701593.0,1701593.0,154433.0,1977000.0,,,,,,,,,,,,,,
428,Kelan Martin,SG,Boston Celtics,1701593.0,1701593.0,1445697.0,,,,,,,,,,,,,,,
429,Sam Dekker,F,Toronto Raptors,1669178.0,1669178.0,,,2760095.0,1794600.0,1720560.0,1646400.0,,,,,,,,,,
430,Jarrell Brantley,PF,Utah Jazz,1669178.0,1669178.0,,,,,,,,,,,,,,,,
431,E'Twaun Moore,G,Orlando Magic,1669178.0,1669178.0,1620564.0,8664928.0,8808685.0,8445024.0,8081363.0,1015421.0,948163.0,884293.0,884293.0,473604.0,,,,,,
432,Solomon Hill,SF,New York Knicks,1669178.0,1669178.0,1620564.0,12758781.0,12252928.0,12236535.0,11241218.0,1358880.0,1302840.0,1246680.0,,,,,,,,
433,James Johnson,PF,Brooklyn Nets,1669178.0,1669178.0,16047100.0,15349400.0,14651700.0,14651700.0,4000000.0,2500000.0,2500000.0,634610.0,2812006.0,2812006.0,1713600.0,1594080.0,,,,
434,Gabe Vincent,PG,Miami Heat,1669178.0,1669178.0,,,,,,,,,,,,,,,,
435,Trevor Ariza,SF,Los Angeles Lakers,1669178.0,1669178.0,12800000.0,12195122.0,15000000.0,7420912.0,7806971.0,8193030.0,8579089.0,7727280.0,7727280.0,6790640.0,6322320.0,5854000.0,3100000.0,3100000.0,3100000.0,641748.0
436,Semi Ojeleye,PF,LA Clippers,1669178.0,1669178.0,1752950.0,1618520.0,1378242.0,1291892.0,,,,,,,,,,,,
437,Kevin Pangos,G,Cleveland Cavaliers,1669178.0,1669178.0,,,,,,,,,,,,,,,,
438,Jabari Parker,PF,Boston Celtics,1669178.0,1669178.0,430729.0,6500000.0,20000000.0,,5374320.0,5152440.0,4930560.0,,,,,,,,,
439,Enes Freedom,C,Houston Rockets,1669178.0,1669178.0,5005350.0,4767000.0,487109.0,18622514.0,17145838.0,16407500.0,5694674.0,4505280.0,4319280.0,4319280.0,,,,,,
440,Jericho Sims,PF,New York Knicks,1639842.0,,,,,,,,,,,,,,,,,
441,Isaiah Todd,PF,Washington Wizards,1575000.0,1500000.0,,,,,,,,,,,,,,,,
442,JT Thor,PF,Charlotte Hornets,1563518.0,1250000.0,,,,,,,,,,,,,,,,
443,Jared Butler,SG,Utah Jazz,1563518.0,925258.0,,,,,,,,,,,,,,,,
444,Vit Krejci,G,Oklahoma City Thunder,1563518.0,925258.0,,,,,,,,,,,,,,,,
445,Aaron Wiggins,SG,Oklahoma City Thunder,1563518.0,,,,,,,,,,,,,,,,,
446,Greg Brown III,PF,Portland Trail Blazers,1563518.0,925258.0,,,,,,,,,,,,,,,,
447,Trendon Watford,PF,Portland Trail Blazers,1563518.0,436482.0,,,,,,,,,,,,,,,,
448,Jock Landale,C,Phoenix Suns,1563518.0,925258.0,,,,,,,,,,,,,,,,
449,Charles Bassey,C,Philadelphia 76ers,1563518.0,925258.0,,,,,,,,,,,,,,,,
450,Miles McBride,PG,New York Knicks,1563518.0,925258.0,,,,,,,,,,,,,,,,
451,Austin Reaves,SG,Los Angeles Lakers,1563518.0,925258.0,,,,,,,,,,,,,,,,
452,Brandon Boston Jr.,SG,LA Clippers,1563518.0,925258.0,,,,,,,,,,,,,,,,
453,Jason Preston,PG,LA Clippers,1563518.0,1062303.0,,,,,,,,,,,,,,,,
454,Terry Taylor,SG,Indiana Pacers,1563518.0,600000.0,,,,,,,,,,,,,,,,
455,Daishen Nix,SG,Houston Rockets,1563518.0,612000.0,,,,,,,,,,,,,,,,
456,Isaiah Livers,PF,Detroit Pistons,1563518.0,1057260.0,,,,,,,,,,,,,,,,
457,Marko Simonovic,C,Chicago Bulls,1563518.0,925258.0,,,,,,,,,,,,,,,,
458,Ayo Dosunmu,SG,Chicago Bulls,1563518.0,925258.0,,,,,,,,,,,,,,,,
459,Jose Alvarado,PG,New Orleans Pelicans,1563518.0,,,,,,,,,,,,,,,,,
460,Sam Hauser,SF,Boston Celtics,1563518.0,,,,,,,,,,,,,,,,,
461,Dalano Banton,PG,Toronto Raptors,1563318.0,925258.0,,,,,,,,,,,,,,,,
462,Sam Merrill,SG,Memphis Grizzlies,1517981.0,1517981.0,898310.0,,,,,,,,,,,,,,,
463,Daniel Oturu,C,Toronto Raptors,1517981.0,1517981.0,898310.0,,,,,,,,,,,,,,,
464,Caleb Homesley,SG,Washington Wizards,1517981.0,1517981.0,,,,,,,,,,,,,,,,
465,Mamadi Diakite,PF,Oklahoma City Thunder,1517981.0,1517981.0,160173.0,,,,,,,,,,,,,,,
466,Jahmi'us Ramsey,SG,Sacramento Kings,1517981.0,1517981.0,1000000.0,,,,,,,,,,,,,,,
467,Elijah Hughes,F,Portland Trail Blazers,1517981.0,1517981.0,898310.0,,,,,,,,,,,,,,,
468,Elijah Bryant,SG,Milwaukee Bucks,1517981.0,1517981.0,,,,,,,,,,,,,,,,
469,Deividas Sirvydis,SF,Detroit Pistons,1517981.0,1517981.0,898310.0,,,,,,,,,,,,,,,
470,Tyus Jones,PG,Memphis Grizzlies,1500000.0,8376286.0,8817143.0,9258000.0,2444053.0,1471382.0,1339680.0,1282080.0,,,,,,,,,,
471,Kennedy Chandler,G,Memphis Grizzlies,1200000.0,,,,,,,,,,,,,,,,,
472,Alfonzo McKinnie,F,Chicago Bulls,1090007.0,1090007.0,1762796.0,1500000.0,1349383.0,1378242.0,,,,,,,,,,,,
473,Jabari Walker,F,Portland Trail Blazers,1017781.0,,,,,,,,,,,,,,,,,
474,Josh Minott,F,Minnesota Timberwolves,1017781.0,,,,,,,,,,,,,,,,,
475,Max Christie,G,Los Angeles Lakers,1017781.0,,,,,,,,,,,,,,,,,
476,Jaden Hardy,G,Dallas Mavericks,1017781.0,,,,,,,,,,,,,,,,,
477,Tyrese Martin,F,Atlanta Hawks,1017781.0,,,,,,,,,,,,,,,,,
478,Luke Kornet,F,Boston Celtics,565986.0,565986.0,2250000.0,2250000.0,1619260.0,,,,,,,,,,,,,
479,Keifer Sykes,G,Indiana Pacers,558345.0,558345.0,,,,,,,,,,,,,,,,
